{
  "openapi": "3.1.0",
  "info": {
    "title": "LicenseLens \u2014 Compliance Transparency",
    "version": "0.1.0"
  },
  "tags": [
    {
      "name": "licenselens"
    }
  ],
  "servers": [
    {
      "url": "http://localhost:8000"
    }
  ],
  "paths": {
    "/api/licenselens/projects/{projectId}/summary": {
      "get": {
        "tags": [
          "licenselens"
        ],
        "summary": "Get compliance summary for a project (read-only)",
        "parameters": [
          {
            "in": "path",
            "name": "projectId",
            "required": true,
            "schema": {
              "type": "string"
            }
          }
        ],
        "responses": {
          "200": {
            "description": "OK",
            "content": {
              "application/json": {
                "schema": {
                  "$ref": "#/components/schemas/ComplianceSummary"
                }
              }
            }
          }
        }
      }
    },
    "/api/licenselens/projects/{projectId}/notices": {
      "get": {
        "tags": [
          "licenselens"
        ],
        "summary": "Download notices bundle (read-only)",
        "parameters": [
          {
            "in": "path",
            "name": "projectId",
            "required": true,
            "schema": {
              "type": "string"
            }
          }
        ],
        "responses": {
          "200": {
            "description": "OK"
          }
        }
      }
    }
  },
  "components": {
    "schemas": {
      "ComplianceSummary": {
        "type": "object",
        "properties": {
          "projectId": {
            "type": "string"
          },
          "status": {
            "type": "string",
            "enum": [
              "green",
              "amber",
              "red"
            ]
          },
          "issues": {
            "type": "array",
            "items": {
              "type": "string"
            }
          },
          "generatedAt": {
            "type": "string"
          }
        }
      }
    }
  }
}