{
  "openapi": "3.1.0",
  "info": {
    "title": "iCadence Connector \u2014 Channels & UTMs",
    "version": "0.1.0",
    "description": "Autonomy level: L0/L1 only; all state-changing operations require human approval gates. Audit every write."
  },
  "servers": [
    {
      "url": "http://localhost:8000"
    }
  ],
  "tags": [
    {
      "name": "icadence"
    }
  ],
  "paths": {
    "/api/icadence/channels": {
      "get": {
        "tags": [
          "icadence"
        ],
        "summary": "List connected channels",
        "operationId": "listChannels",
        "responses": {
          "200": {
            "description": "OK",
            "content": {
              "application/json": {
                "schema": {
                  "$ref": "#/components/schemas/ChannelList"
                }
              }
            }
          }
        }
      },
      "post": {
        "tags": [
          "icadence"
        ],
        "summary": "Start channel connection (wizard)",
        "operationId": "startChannelConnection",
        "requestBody": {
          "required": true,
          "content": {
            "application/json": {
              "schema": {
                "$ref": "#/components/schemas/ChannelStart"
              }
            }
          }
        },
        "responses": {
          "201": {
            "description": "Created",
            "content": {
              "application/json": {
                "schema": {
                  "$ref": "#/components/schemas/ChannelSession"
                }
              }
            }
          }
        }
      }
    },
    "/api/icadence/channels/{channelId}": {
      "get": {
        "tags": [
          "icadence"
        ],
        "summary": "Get channel details",
        "operationId": "getChannel",
        "parameters": [
          {
            "in": "path",
            "name": "channelId",
            "required": true,
            "schema": {
              "type": "string"
            }
          }
        ],
        "responses": {
          "200": {
            "description": "OK",
            "content": {
              "application/json": {
                "schema": {
                  "$ref": "#/components/schemas/Channel"
                }
              }
            }
          }
        }
      }
    },
    "/api/icadence/channels/{channelId}/utms": {
      "put": {
        "tags": [
          "icadence"
        ],
        "summary": "Set UTM presets for a channel",
        "operationId": "setUTMPresets",
        "parameters": [
          {
            "in": "path",
            "name": "channelId",
            "required": true,
            "schema": {
              "type": "string"
            }
          }
        ],
        "requestBody": {
          "required": true,
          "content": {
            "application/json": {
              "schema": {
                "$ref": "#/components/schemas/UTMPresets"
              }
            }
          }
        },
        "responses": {
          "200": {
            "description": "OK",
            "content": {
              "application/json": {
                "schema": {
                  "$ref": "#/components/schemas/Channel"
                }
              }
            }
          }
        }
      }
    },
    "/api/icadence/channels/{channelId}/test-post": {
      "post": {
        "tags": [
          "icadence"
        ],
        "summary": "Post a test message (sandbox)",
        "operationId": "testPost",
        "parameters": [
          {
            "in": "path",
            "name": "channelId",
            "required": true,
            "schema": {
              "type": "string"
            }
          }
        ],
        "requestBody": {
          "required": true,
          "content": {
            "application/json": {
              "schema": {
                "$ref": "#/components/schemas/TestPost"
              }
            }
          }
        },
        "responses": {
          "200": {
            "description": "OK",
            "content": {
              "application/json": {
                "schema": {
                  "$ref": "#/components/schemas/PostResult"
                }
              }
            }
          }
        }
      }
    },
    "/api/icadence/spend": {
      "post": {
        "tags": [
          "icadence"
        ],
        "summary": "Ingest spend logs for attribution",
        "operationId": "ingestSpend",
        "requestBody": {
          "required": true,
          "content": {
            "application/json": {
              "schema": {
                "$ref": "#/components/schemas/SpendBatch"
              }
            }
          }
        },
        "responses": {
          "202": {
            "description": "Accepted"
          }
        }
      }
    }
  },
  "components": {
    "schemas": {
      "ChannelList": {
        "type": "object",
        "properties": {
          "items": {
            "type": "array",
            "items": {
              "$ref": "#/components/schemas/Channel"
            }
          }
        }
      },
      "ChannelStart": {
        "type": "object",
        "properties": {
          "provider": {
            "type": "string",
            "enum": [
              "facebook",
              "instagram",
              "tiktok",
              "x",
              "linkedin",
              "google_ads",
              "meta_ads"
            ]
          }
        }
      },
      "ChannelSession": {
        "type": "object",
        "properties": {
          "id": {
            "type": "string"
          },
          "provider": {
            "type": "string"
          },
          "status": {
            "type": "string",
            "enum": [
              "pending",
              "authorized",
              "failed"
            ]
          }
        }
      },
      "Channel": {
        "type": "object",
        "properties": {
          "id": {
            "type": "string"
          },
          "provider": {
            "type": "string"
          },
          "status": {
            "type": "string"
          },
          "utms": {
            "$ref": "#/components/schemas/UTMPresets"
          }
        }
      },
      "UTMPresets": {
        "type": "object",
        "properties": {
          "utm_source": {
            "type": "string"
          },
          "utm_medium": {
            "type": "string"
          },
          "utm_campaign": {
            "type": "string"
          },
          "utm_content": {
            "type": "string"
          },
          "utm_term": {
            "type": "string"
          }
        }
      },
      "TestPost": {
        "type": "object",
        "properties": {
          "message": {
            "type": "string"
          },
          "mediaUrl": {
            "type": "string",
            "nullable": true
          }
        }
      },
      "PostResult": {
        "type": "object",
        "properties": {
          "ok": {
            "type": "boolean"
          },
          "echo": {
            "type": "string"
          }
        }
      },
      "SpendBatch": {
        "type": "object",
        "properties": {
          "channelId": {
            "type": "string"
          },
          "rows": {
            "type": "array",
            "items": {
              "type": "object",
              "properties": {
                "date": {
                  "type": "string"
                },
                "spend": {
                  "type": "number"
                },
                "clicks": {
                  "type": "integer"
                },
                "impressions": {
                  "type": "integer"
                }
              }
            }
          }
        }
      }
    }
  }
}