{
  "openapi": "3.1.0",
  "info": {
    "title": "Importer \u2014 CSV/Sheets Intake",
    "version": "0.1.0",
    "description": "Autonomy level: L0/L1 only; all state-changing operations require human approval gates. Audit every write."
  },
  "servers": [
    {
      "url": "http://localhost:8000"
    }
  ],
  "tags": [
    {
      "name": "importer"
    }
  ],
  "paths": {
    "/api/import/sessions": {
      "post": {
        "tags": [
          "importer"
        ],
        "summary": "Start an import session",
        "operationId": "startImportSession",
        "requestBody": {
          "required": true,
          "content": {
            "application/json": {
              "schema": {
                "$ref": "#/components/schemas/ImportStart"
              }
            }
          }
        },
        "responses": {
          "201": {
            "description": "Created",
            "content": {
              "application/json": {
                "schema": {
                  "$ref": "#/components/schemas/ImportSession"
                }
              }
            }
          }
        }
      }
    },
    "/api/import/sessions/{sessionId}": {
      "get": {
        "tags": [
          "importer"
        ],
        "summary": "Get session status",
        "operationId": "getImportSession",
        "parameters": [
          {
            "in": "path",
            "name": "sessionId",
            "required": true,
            "schema": {
              "type": "string"
            }
          }
        ],
        "responses": {
          "200": {
            "description": "OK",
            "content": {
              "application/json": {
                "schema": {
                  "$ref": "#/components/schemas/ImportSession"
                }
              }
            }
          }
        }
      },
      "delete": {
        "tags": [
          "importer"
        ],
        "summary": "Cancel session",
        "operationId": "cancelImportSession",
        "parameters": [
          {
            "in": "path",
            "name": "sessionId",
            "required": true,
            "schema": {
              "type": "string"
            }
          }
        ],
        "responses": {
          "204": {
            "description": "No Content"
          }
        }
      }
    },
    "/api/import/sessions/{sessionId}/upload": {
      "post": {
        "tags": [
          "importer"
        ],
        "summary": "Upload CSV/Sheet file",
        "operationId": "uploadImportFile",
        "parameters": [
          {
            "in": "path",
            "name": "sessionId",
            "required": true,
            "schema": {
              "type": "string"
            }
          }
        ],
        "requestBody": {
          "required": true,
          "content": {
            "multipart/form-data": {
              "schema": {
                "type": "object",
                "properties": {
                  "file": {
                    "type": "string",
                    "format": "binary"
                  }
                }
              }
            }
          }
        },
        "responses": {
          "200": {
            "description": "OK",
            "content": {
              "application/json": {
                "schema": {
                  "$ref": "#/components/schemas/UploadResult"
                }
              }
            }
          }
        }
      }
    },
    "/api/import/sessions/{sessionId}/map": {
      "post": {
        "tags": [
          "importer"
        ],
        "summary": "Map incoming columns \u2192 entities/fields",
        "operationId": "mapColumns",
        "parameters": [
          {
            "in": "path",
            "name": "sessionId",
            "required": true,
            "schema": {
              "type": "string"
            }
          }
        ],
        "requestBody": {
          "required": true,
          "content": {
            "application/json": {
              "schema": {
                "$ref": "#/components/schemas/ColumnMapping"
              }
            }
          }
        },
        "responses": {
          "200": {
            "description": "OK",
            "content": {
              "application/json": {
                "schema": {
                  "$ref": "#/components/schemas/MappingResult"
                }
              }
            }
          }
        }
      }
    },
    "/api/import/sessions/{sessionId}/validate": {
      "post": {
        "tags": [
          "importer"
        ],
        "summary": "Validate mapped rows (returns errors/warnings)",
        "operationId": "validateImport",
        "parameters": [
          {
            "in": "path",
            "name": "sessionId",
            "required": true,
            "schema": {
              "type": "string"
            }
          }
        ],
        "responses": {
          "200": {
            "description": "OK",
            "content": {
              "application/json": {
                "schema": {
                  "$ref": "#/components/schemas/ValidationReport"
                }
              }
            }
          }
        }
      }
    },
    "/api/import/sessions/{sessionId}/stage": {
      "post": {
        "tags": [
          "importer"
        ],
        "summary": "Stage valid rows for approval",
        "operationId": "stageImport",
        "parameters": [
          {
            "in": "path",
            "name": "sessionId",
            "required": true,
            "schema": {
              "type": "string"
            }
          }
        ],
        "responses": {
          "201": {
            "description": "Created",
            "content": {
              "application/json": {
                "schema": {
                  "$ref": "#/components/schemas/StageResult"
                }
              }
            }
          }
        }
      }
    },
    "/api/import/sessions/{sessionId}/commit": {
      "post": {
        "tags": [
          "importer"
        ],
        "summary": "Commit staged rows (requires approval)",
        "operationId": "commitImport",
        "parameters": [
          {
            "in": "path",
            "name": "sessionId",
            "required": true,
            "schema": {
              "type": "string"
            }
          }
        ],
        "responses": {
          "202": {
            "description": "Accepted",
            "content": {
              "application/json": {
                "schema": {
                  "$ref": "#/components/schemas/CommitResult"
                }
              }
            }
          }
        }
      }
    }
  },
  "components": {
    "schemas": {
      "ImportStart": {
        "type": "object",
        "properties": {
          "entity": {
            "type": "string",
            "enum": [
              "tasks",
              "contacts",
              "products"
            ]
          }
        }
      },
      "ImportSession": {
        "type": "object",
        "properties": {
          "id": {
            "type": "string"
          },
          "entity": {
            "type": "string"
          },
          "status": {
            "type": "string"
          },
          "createdAt": {
            "type": "string"
          }
        }
      },
      "UploadResult": {
        "type": "object",
        "properties": {
          "rowsDetected": {
            "type": "integer"
          },
          "columns": {
            "type": "array",
            "items": {
              "type": "string"
            }
          }
        }
      },
      "ColumnMapping": {
        "type": "object",
        "properties": {
          "mappings": {
            "type": "array",
            "items": {
              "type": "object",
              "properties": {
                "from": {
                  "type": "string"
                },
                "to": {
                  "type": "string"
                }
              }
            }
          }
        }
      },
      "MappingResult": {
        "type": "object",
        "properties": {
          "unmapped": {
            "type": "array",
            "items": {
              "type": "string"
            }
          },
          "warnings": {
            "type": "array",
            "items": {
              "type": "string"
            }
          }
        }
      },
      "ValidationReport": {
        "type": "object",
        "properties": {
          "errors": {
            "type": "array",
            "items": {
              "type": "string"
            }
          },
          "warnings": {
            "type": "array",
            "items": {
              "type": "string"
            }
          },
          "validCount": {
            "type": "integer"
          }
        }
      },
      "StageResult": {
        "type": "object",
        "properties": {
          "staged": {
            "type": "integer"
          }
        }
      },
      "CommitResult": {
        "type": "object",
        "properties": {
          "accepted": {
            "type": "integer"
          },
          "rejected": {
            "type": "integer"
          }
        }
      }
    }
  }
}