{
  "openapi": "3.1.0",
  "info": {
    "title": "Packsmith \u2014 Agent Pack Configurator",
    "version": "0.1.0",
    "description": "Autonomy level: L0/L1 only; all state-changing operations require human approval gates. Audit every write."
  },
  "servers": [
    {
      "url": "http://localhost:8000"
    }
  ],
  "tags": [
    {
      "name": "packsmith"
    }
  ],
  "paths": {
    "/api/packs": {
      "get": {
        "tags": [
          "packsmith"
        ],
        "summary": "List available packs",
        "operationId": "listPacks",
        "responses": {
          "200": {
            "description": "OK",
            "content": {
              "application/json": {
                "schema": {
                  "$ref": "#/components/schemas/PackList"
                }
              }
            }
          }
        }
      },
      "post": {
        "tags": [
          "packsmith"
        ],
        "summary": "Create a new Pack definition (draft)",
        "operationId": "createPack",
        "requestBody": {
          "required": true,
          "content": {
            "application/json": {
              "schema": {
                "$ref": "#/components/schemas/PackDraft"
              }
            }
          }
        },
        "responses": {
          "201": {
            "description": "Created",
            "content": {
              "application/json": {
                "schema": {
                  "$ref": "#/components/schemas/Pack"
                }
              }
            }
          }
        }
      }
    },
    "/api/packs/{packId}": {
      "get": {
        "tags": [
          "packsmith"
        ],
        "summary": "Get pack definition",
        "operationId": "getPack",
        "parameters": [
          {
            "in": "path",
            "name": "packId",
            "required": true,
            "schema": {
              "type": "string"
            }
          }
        ],
        "responses": {
          "200": {
            "description": "OK",
            "content": {
              "application/json": {
                "schema": {
                  "$ref": "#/components/schemas/Pack"
                }
              }
            }
          }
        }
      },
      "patch": {
        "tags": [
          "packsmith"
        ],
        "summary": "Update pack definition (draft)",
        "operationId": "updatePack",
        "parameters": [
          {
            "in": "path",
            "name": "packId",
            "required": true,
            "schema": {
              "type": "string"
            }
          }
        ],
        "requestBody": {
          "required": true,
          "content": {
            "application/json": {
              "schema": {
                "$ref": "#/components/schemas/PackUpdate"
              }
            }
          }
        },
        "responses": {
          "200": {
            "description": "OK",
            "content": {
              "application/json": {
                "schema": {
                  "$ref": "#/components/schemas/Pack"
                }
              }
            }
          }
        }
      }
    },
    "/api/packs/{packId}/blueprint": {
      "post": {
        "tags": [
          "packsmith"
        ],
        "summary": "Generate Pack blueprint (DoD, KPIs, tasks) \u2014 L1 draft",
        "operationId": "generateBlueprint",
        "parameters": [
          {
            "in": "path",
            "name": "packId",
            "required": true,
            "schema": {
              "type": "string"
            }
          }
        ],
        "requestBody": {
          "required": true,
          "content": {
            "application/json": {
              "schema": {
                "$ref": "#/components/schemas/BlueprintRequest"
              }
            }
          }
        },
        "responses": {
          "200": {
            "description": "OK",
            "content": {
              "application/json": {
                "schema": {
                  "$ref": "#/components/schemas/Blueprint"
                }
              }
            }
          }
        }
      },
      "get": {
        "tags": [
          "packsmith"
        ],
        "summary": "Get Pack blueprint (latest)",
        "operationId": "getBlueprint",
        "parameters": [
          {
            "in": "path",
            "name": "packId",
            "required": true,
            "schema": {
              "type": "string"
            }
          }
        ],
        "responses": {
          "200": {
            "description": "OK",
            "content": {
              "application/json": {
                "schema": {
                  "$ref": "#/components/schemas/Blueprint"
                }
              }
            }
          }
        }
      }
    },
    "/api/packs/{packId}/seed": {
      "post": {
        "tags": [
          "packsmith"
        ],
        "summary": "Seed tasks/checklists from blueprint \u2014 creates draft tasks",
        "operationId": "seedFromBlueprint",
        "parameters": [
          {
            "in": "path",
            "name": "packId",
            "required": true,
            "schema": {
              "type": "string"
            }
          }
        ],
        "responses": {
          "201": {
            "description": "Created",
            "content": {
              "application/json": {
                "schema": {
                  "$ref": "#/components/schemas/SeedResult"
                }
              }
            }
          }
        }
      }
    }
  },
  "components": {
    "schemas": {
      "PackList": {
        "type": "object",
        "properties": {
          "items": {
            "type": "array",
            "items": {
              "$ref": "#/components/schemas/Pack"
            }
          }
        }
      },
      "PackDraft": {
        "type": "object",
        "required": [
          "name"
        ],
        "properties": {
          "name": {
            "type": "string"
          },
          "summary": {
            "type": "string"
          },
          "price": {
            "type": "number"
          }
        }
      },
      "PackUpdate": {
        "type": "object",
        "properties": {
          "summary": {
            "type": "string"
          },
          "price": {
            "type": "number"
          },
          "status": {
            "type": "string",
            "enum": [
              "draft",
              "active",
              "archived"
            ]
          }
        }
      },
      "Pack": {
        "type": "object",
        "properties": {
          "id": {
            "type": "string"
          },
          "name": {
            "type": "string"
          },
          "summary": {
            "type": "string"
          },
          "price": {
            "type": "number"
          },
          "status": {
            "type": "string"
          }
        }
      },
      "BlueprintRequest": {
        "type": "object",
        "properties": {
          "includeDoD": {
            "type": "boolean"
          },
          "includeKPIs": {
            "type": "boolean"
          }
        }
      },
      "Blueprint": {
        "type": "object",
        "properties": {
          "packId": {
            "type": "string"
          },
          "dod": {
            "type": "array",
            "items": {
              "type": "string"
            }
          },
          "kpis": {
            "type": "array",
            "items": {
              "type": "string"
            }
          },
          "tasks": {
            "type": "array",
            "items": {
              "type": "string"
            }
          },
          "updatedAt": {
            "type": "string"
          }
        }
      },
      "SeedResult": {
        "type": "object",
        "properties": {
          "createdTasks": {
            "type": "integer"
          },
          "checklists": {
            "type": "integer"
          }
        }
      }
    }
  }
}