{
  "project": "Gigster Garage",
  "module": "GigsterCoach Apply Engine",
  "version": "1.2",
  "date": "2025-12-17",
  "files_added": [
    "shared/contracts/applyEngine.ts",
    "client/src/lib/applyEngine.ts",
    "client/src/components/gigstercoach/SuggestionApplyButton.tsx",
    "server/lib/applyEngine/whitelist.ts",
    "server/lib/applyEngine/stableJson.ts",
    "server/lib/applyEngine/validate.ts",
    "server/lib/applyEngine/audit.ts",
    "server/routes/gigstercoachApplyEngine.ts",
    "server/scripts/migrate_add_apply_engine_v1_2.sql",
    "README_PATCH.md"
  ],
  "notes": [
    "Server route is dependency-injected: pass existing requireAuth/requirePlan and db hooks.",
    "Client draft mutation happens only after server OK and explicit user click.",
    "Replace actions prompt for confirm when overwriting non-empty content."
  ]
}