{
  "plugins": [
    "node-workspace"
  ],
  "packages": {
    ".": {
      "release-type": "node",
      "bump-minor-pre-major": true,
      "changelog-path": "CHANGELOG.md"
    }
  },
  "changelog-sections": [
    {
      "type": "feat",
      "section": "Features",
      "hidden": false
    },
    {
      "type": "fix",
      "section": "Bug Fixes",
      "hidden": false
    },
    {
      "type": "docs",
      "section": "Docs",
      "hidden": false
    },
    {
      "type": "refactor",
      "section": "Refactors",
      "hidden": false
    },
    {
      "type": "perf",
      "section": "Performance",
      "hidden": false
    },
    {
      "type": "test",
      "section": "Tests",
      "hidden": false
    },
    {
      "type": "chore",
      "section": "Chores",
      "hidden": true
    }
  ]
}