{
  "status": {
    "critical": {
      "icon": "AlertOctagon",
      "color": "#E53935",
      "detail": "exclamation",
      "usage": "Severe/urgent issues"
    },
    "high": {
      "icon": "AlertTriangle",
      "color": "#FB8C00",
      "detail": "exclamation-hollow",
      "usage": "High-priority task"
    },
    "medium": {
      "icon": "Clock",
      "color": "#FDD835",
      "detail": "clock-3",
      "usage": "Time-sensitive"
    },
    "low": {
      "icon": "Circle",
      "color": "#43A047",
      "detail": "outline",
      "usage": "Low priority"
    },
    "complete": {
      "icon": "CheckCircle2",
      "color": "#4CAF50",
      "detail": "check-solid",
      "usage": "Finished/closed"
    },
    "pending": {
      "icon": "Circle",
      "color": "#9E9E9E",
      "detail": "outline",
      "usage": "Waiting/paused"
    },
    "overdue": {
      "icon": "Octagon",
      "color": "#D32F2F",
      "stripeColor": "#FDD835",
      "detail": "yellow/red diagonal stripes",
      "usage": "Missed deadline"
    }
  }
}