{
  "brand": "Gigster Garage",
  "generated_on": "2025-11-03",
  "visibility_patches": [
    {
      "id": "agent.itsa",
      "visibility": {
        "expose_to_users": false,
        "dashboard_card": true,
        "graduation_plan": {
          "target_tool": "Smart Scoper",
          "phase": "Pilot\u2192External Beta",
          "flip_on": "2026-03-01"
        }
      }
    },
    {
      "id": "agent.ssk",
      "visibility": {
        "expose_to_users": false,
        "dashboard_card": true,
        "graduation_plan": {
          "target_tool": "LaunchPad",
          "phase": "Pilot\u2192External Beta",
          "flip_on": "2026-04-01"
        }
      }
    },
    {
      "id": "agent.exec_orchestrator",
      "visibility": {
        "expose_to_users": false,
        "dashboard_card": true,
        "graduation_plan": {
          "target_tool": "ShipBot",
          "phase": "Internal GA\u2192External Pilot",
          "flip_on": "2026-06-01"
        }
      }
    },
    {
      "id": "agent.planner",
      "visibility": {
        "expose_to_users": false,
        "dashboard_card": true,
        "graduation_plan": {
          "target_tool": "Planner Pro",
          "phase": "Pilot\u2192External Beta",
          "flip_on": "2026-03-15"
        }
      }
    },
    {
      "id": "agent.ledger",
      "visibility": {
        "expose_to_users": false,
        "dashboard_card": true,
        "graduation_plan": {
          "target_tool": "Optimizer.AI",
          "phase": "Internal Beta\u2192External Pilot",
          "flip_on": "2026-07-01"
        }
      }
    },
    {
      "id": "agent.sentinel",
      "visibility": {
        "expose_to_users": false,
        "dashboard_card": true,
        "graduation_plan": {
          "target_tool": "LicenseLens",
          "phase": "Internal GA\u2192External Beta",
          "flip_on": "2026-05-01"
        }
      }
    }
  ]
}