{
  "info": {
    "name": "Gigster Garage \u2014 Combined (Packsmith + Importer + iCadence)",
    "_postman_id": "8a72e76b7fa4e8786c3d89a0fa02f9e0",
    "schema": "https://schema.getpostman.com/json/collection/v2.1.0/collection.json",
    "description": "Derived from Combined (Packsmith + Importer + iCadence) OpenAPI stub. L0/L1-safe."
  },
  "item": [
    {
      "name": "GET /api/packs",
      "request": {
        "method": "GET",
        "header": [
          {
            "key": "Content-Type",
            "value": "application/json"
          }
        ],
        "url": {
          "raw": "{{baseUrl}}/api/packs",
          "host": [
            "{{baseUrl}}"
          ],
          "path": [
            "api",
            "packs"
          ]
        }
      },
      "response": []
    },
    {
      "name": "POST /api/packs",
      "request": {
        "method": "POST",
        "header": [
          {
            "key": "Content-Type",
            "value": "application/json"
          }
        ],
        "url": {
          "raw": "{{baseUrl}}/api/packs",
          "host": [
            "{{baseUrl}}"
          ],
          "path": [
            "api",
            "packs"
          ]
        },
        "body": {
          "mode": "raw",
          "raw": "{\n  \"example\": \"replace with real payload\"\n}"
        }
      },
      "response": []
    },
    {
      "name": "GET /api/packs/{packId}",
      "request": {
        "method": "GET",
        "header": [
          {
            "key": "Content-Type",
            "value": "application/json"
          }
        ],
        "url": {
          "raw": "{{baseUrl}}/api/packs/{packId}",
          "host": [
            "{{baseUrl}}"
          ],
          "path": [
            "api",
            "packs",
            "{packId}"
          ]
        }
      },
      "response": []
    },
    {
      "name": "PATCH /api/packs/{packId}",
      "request": {
        "method": "PATCH",
        "header": [
          {
            "key": "Content-Type",
            "value": "application/json"
          }
        ],
        "url": {
          "raw": "{{baseUrl}}/api/packs/{packId}",
          "host": [
            "{{baseUrl}}"
          ],
          "path": [
            "api",
            "packs",
            "{packId}"
          ]
        },
        "body": {
          "mode": "raw",
          "raw": "{\n  \"example\": \"replace with real payload\"\n}"
        }
      },
      "response": []
    },
    {
      "name": "POST /api/packs/{packId}/blueprint",
      "request": {
        "method": "POST",
        "header": [
          {
            "key": "Content-Type",
            "value": "application/json"
          }
        ],
        "url": {
          "raw": "{{baseUrl}}/api/packs/{packId}/blueprint",
          "host": [
            "{{baseUrl}}"
          ],
          "path": [
            "api",
            "packs",
            "{packId}",
            "blueprint"
          ]
        },
        "body": {
          "mode": "raw",
          "raw": "{\n  \"example\": \"replace with real payload\"\n}"
        }
      },
      "response": []
    },
    {
      "name": "GET /api/packs/{packId}/blueprint",
      "request": {
        "method": "GET",
        "header": [
          {
            "key": "Content-Type",
            "value": "application/json"
          }
        ],
        "url": {
          "raw": "{{baseUrl}}/api/packs/{packId}/blueprint",
          "host": [
            "{{baseUrl}}"
          ],
          "path": [
            "api",
            "packs",
            "{packId}",
            "blueprint"
          ]
        }
      },
      "response": []
    },
    {
      "name": "POST /api/packs/{packId}/seed",
      "request": {
        "method": "POST",
        "header": [
          {
            "key": "Content-Type",
            "value": "application/json"
          }
        ],
        "url": {
          "raw": "{{baseUrl}}/api/packs/{packId}/seed",
          "host": [
            "{{baseUrl}}"
          ],
          "path": [
            "api",
            "packs",
            "{packId}",
            "seed"
          ]
        },
        "body": {
          "mode": "raw",
          "raw": "{\n  \"example\": \"replace with real payload\"\n}"
        }
      },
      "response": []
    },
    {
      "name": "POST /api/import/sessions",
      "request": {
        "method": "POST",
        "header": [
          {
            "key": "Content-Type",
            "value": "application/json"
          }
        ],
        "url": {
          "raw": "{{baseUrl}}/api/import/sessions",
          "host": [
            "{{baseUrl}}"
          ],
          "path": [
            "api",
            "import",
            "sessions"
          ]
        },
        "body": {
          "mode": "raw",
          "raw": "{\n  \"example\": \"replace with real payload\"\n}"
        }
      },
      "response": []
    },
    {
      "name": "GET /api/import/sessions/{sessionId}",
      "request": {
        "method": "GET",
        "header": [
          {
            "key": "Content-Type",
            "value": "application/json"
          }
        ],
        "url": {
          "raw": "{{baseUrl}}/api/import/sessions/{sessionId}",
          "host": [
            "{{baseUrl}}"
          ],
          "path": [
            "api",
            "import",
            "sessions",
            "{sessionId}"
          ]
        }
      },
      "response": []
    },
    {
      "name": "DELETE /api/import/sessions/{sessionId}",
      "request": {
        "method": "DELETE",
        "header": [
          {
            "key": "Content-Type",
            "value": "application/json"
          }
        ],
        "url": {
          "raw": "{{baseUrl}}/api/import/sessions/{sessionId}",
          "host": [
            "{{baseUrl}}"
          ],
          "path": [
            "api",
            "import",
            "sessions",
            "{sessionId}"
          ]
        }
      },
      "response": []
    },
    {
      "name": "POST /api/import/sessions/{sessionId}/upload",
      "request": {
        "method": "POST",
        "header": [
          {
            "key": "Content-Type",
            "value": "application/json"
          }
        ],
        "url": {
          "raw": "{{baseUrl}}/api/import/sessions/{sessionId}/upload",
          "host": [
            "{{baseUrl}}"
          ],
          "path": [
            "api",
            "import",
            "sessions",
            "{sessionId}",
            "upload"
          ]
        },
        "body": {
          "mode": "raw",
          "raw": "{\n  \"example\": \"replace with real payload\"\n}"
        }
      },
      "response": []
    },
    {
      "name": "POST /api/import/sessions/{sessionId}/map",
      "request": {
        "method": "POST",
        "header": [
          {
            "key": "Content-Type",
            "value": "application/json"
          }
        ],
        "url": {
          "raw": "{{baseUrl}}/api/import/sessions/{sessionId}/map",
          "host": [
            "{{baseUrl}}"
          ],
          "path": [
            "api",
            "import",
            "sessions",
            "{sessionId}",
            "map"
          ]
        },
        "body": {
          "mode": "raw",
          "raw": "{\n  \"example\": \"replace with real payload\"\n}"
        }
      },
      "response": []
    },
    {
      "name": "POST /api/import/sessions/{sessionId}/validate",
      "request": {
        "method": "POST",
        "header": [
          {
            "key": "Content-Type",
            "value": "application/json"
          }
        ],
        "url": {
          "raw": "{{baseUrl}}/api/import/sessions/{sessionId}/validate",
          "host": [
            "{{baseUrl}}"
          ],
          "path": [
            "api",
            "import",
            "sessions",
            "{sessionId}",
            "validate"
          ]
        },
        "body": {
          "mode": "raw",
          "raw": "{\n  \"example\": \"replace with real payload\"\n}"
        }
      },
      "response": []
    },
    {
      "name": "POST /api/import/sessions/{sessionId}/stage",
      "request": {
        "method": "POST",
        "header": [
          {
            "key": "Content-Type",
            "value": "application/json"
          }
        ],
        "url": {
          "raw": "{{baseUrl}}/api/import/sessions/{sessionId}/stage",
          "host": [
            "{{baseUrl}}"
          ],
          "path": [
            "api",
            "import",
            "sessions",
            "{sessionId}",
            "stage"
          ]
        },
        "body": {
          "mode": "raw",
          "raw": "{\n  \"example\": \"replace with real payload\"\n}"
        }
      },
      "response": []
    },
    {
      "name": "POST /api/import/sessions/{sessionId}/commit",
      "request": {
        "method": "POST",
        "header": [
          {
            "key": "Content-Type",
            "value": "application/json"
          }
        ],
        "url": {
          "raw": "{{baseUrl}}/api/import/sessions/{sessionId}/commit",
          "host": [
            "{{baseUrl}}"
          ],
          "path": [
            "api",
            "import",
            "sessions",
            "{sessionId}",
            "commit"
          ]
        },
        "body": {
          "mode": "raw",
          "raw": "{\n  \"example\": \"replace with real payload\"\n}"
        }
      },
      "response": []
    },
    {
      "name": "GET /api/icadence/channels",
      "request": {
        "method": "GET",
        "header": [
          {
            "key": "Content-Type",
            "value": "application/json"
          }
        ],
        "url": {
          "raw": "{{baseUrl}}/api/icadence/channels",
          "host": [
            "{{baseUrl}}"
          ],
          "path": [
            "api",
            "icadence",
            "channels"
          ]
        }
      },
      "response": []
    },
    {
      "name": "POST /api/icadence/channels",
      "request": {
        "method": "POST",
        "header": [
          {
            "key": "Content-Type",
            "value": "application/json"
          }
        ],
        "url": {
          "raw": "{{baseUrl}}/api/icadence/channels",
          "host": [
            "{{baseUrl}}"
          ],
          "path": [
            "api",
            "icadence",
            "channels"
          ]
        },
        "body": {
          "mode": "raw",
          "raw": "{\n  \"example\": \"replace with real payload\"\n}"
        }
      },
      "response": []
    },
    {
      "name": "GET /api/icadence/channels/{channelId}",
      "request": {
        "method": "GET",
        "header": [
          {
            "key": "Content-Type",
            "value": "application/json"
          }
        ],
        "url": {
          "raw": "{{baseUrl}}/api/icadence/channels/{channelId}",
          "host": [
            "{{baseUrl}}"
          ],
          "path": [
            "api",
            "icadence",
            "channels",
            "{channelId}"
          ]
        }
      },
      "response": []
    },
    {
      "name": "PUT /api/icadence/channels/{channelId}/utms",
      "request": {
        "method": "PUT",
        "header": [
          {
            "key": "Content-Type",
            "value": "application/json"
          }
        ],
        "url": {
          "raw": "{{baseUrl}}/api/icadence/channels/{channelId}/utms",
          "host": [
            "{{baseUrl}}"
          ],
          "path": [
            "api",
            "icadence",
            "channels",
            "{channelId}",
            "utms"
          ]
        },
        "body": {
          "mode": "raw",
          "raw": "{\n  \"example\": \"replace with real payload\"\n}"
        }
      },
      "response": []
    },
    {
      "name": "POST /api/icadence/channels/{channelId}/test-post",
      "request": {
        "method": "POST",
        "header": [
          {
            "key": "Content-Type",
            "value": "application/json"
          }
        ],
        "url": {
          "raw": "{{baseUrl}}/api/icadence/channels/{channelId}/test-post",
          "host": [
            "{{baseUrl}}"
          ],
          "path": [
            "api",
            "icadence",
            "channels",
            "{channelId}",
            "test-post"
          ]
        },
        "body": {
          "mode": "raw",
          "raw": "{\n  \"example\": \"replace with real payload\"\n}"
        }
      },
      "response": []
    },
    {
      "name": "POST /api/icadence/spend",
      "request": {
        "method": "POST",
        "header": [
          {
            "key": "Content-Type",
            "value": "application/json"
          }
        ],
        "url": {
          "raw": "{{baseUrl}}/api/icadence/spend",
          "host": [
            "{{baseUrl}}"
          ],
          "path": [
            "api",
            "icadence",
            "spend"
          ]
        },
        "body": {
          "mode": "raw",
          "raw": "{\n  \"example\": \"replace with real payload\"\n}"
        }
      },
      "response": []
    }
  ],
  "variable": [
    {
      "key": "baseUrl",
      "value": "http://localhost:8000"
    }
  ]
}