{
  "info": {
    "name": "Gigster Garage \u2014 Icadence",
    "_postman_id": "eb55aaef263e9e797b7d9c142a047ff0",
    "schema": "https://schema.getpostman.com/json/collection/v2.1.0/collection.json",
    "description": "Derived from Icadence OpenAPI stub. L0/L1-safe."
  },
  "item": [
    {
      "name": "GET /api/icadence/channels",
      "request": {
        "method": "GET",
        "header": [
          {
            "key": "Content-Type",
            "value": "application/json"
          }
        ],
        "url": {
          "raw": "{{baseUrl}}/api/icadence/channels",
          "host": [
            "{{baseUrl}}"
          ],
          "path": [
            "api",
            "icadence",
            "channels"
          ]
        }
      },
      "response": []
    },
    {
      "name": "POST /api/icadence/channels",
      "request": {
        "method": "POST",
        "header": [
          {
            "key": "Content-Type",
            "value": "application/json"
          }
        ],
        "url": {
          "raw": "{{baseUrl}}/api/icadence/channels",
          "host": [
            "{{baseUrl}}"
          ],
          "path": [
            "api",
            "icadence",
            "channels"
          ]
        },
        "body": {
          "mode": "raw",
          "raw": "{\n  \"example\": \"replace with real payload\"\n}"
        }
      },
      "response": []
    },
    {
      "name": "GET /api/icadence/channels/{channelId}",
      "request": {
        "method": "GET",
        "header": [
          {
            "key": "Content-Type",
            "value": "application/json"
          }
        ],
        "url": {
          "raw": "{{baseUrl}}/api/icadence/channels/{channelId}",
          "host": [
            "{{baseUrl}}"
          ],
          "path": [
            "api",
            "icadence",
            "channels",
            "{channelId}"
          ]
        }
      },
      "response": []
    },
    {
      "name": "PUT /api/icadence/channels/{channelId}/utms",
      "request": {
        "method": "PUT",
        "header": [
          {
            "key": "Content-Type",
            "value": "application/json"
          }
        ],
        "url": {
          "raw": "{{baseUrl}}/api/icadence/channels/{channelId}/utms",
          "host": [
            "{{baseUrl}}"
          ],
          "path": [
            "api",
            "icadence",
            "channels",
            "{channelId}",
            "utms"
          ]
        },
        "body": {
          "mode": "raw",
          "raw": "{\n  \"example\": \"replace with real payload\"\n}"
        }
      },
      "response": []
    },
    {
      "name": "POST /api/icadence/channels/{channelId}/test-post",
      "request": {
        "method": "POST",
        "header": [
          {
            "key": "Content-Type",
            "value": "application/json"
          }
        ],
        "url": {
          "raw": "{{baseUrl}}/api/icadence/channels/{channelId}/test-post",
          "host": [
            "{{baseUrl}}"
          ],
          "path": [
            "api",
            "icadence",
            "channels",
            "{channelId}",
            "test-post"
          ]
        },
        "body": {
          "mode": "raw",
          "raw": "{\n  \"example\": \"replace with real payload\"\n}"
        }
      },
      "response": []
    },
    {
      "name": "POST /api/icadence/spend",
      "request": {
        "method": "POST",
        "header": [
          {
            "key": "Content-Type",
            "value": "application/json"
          }
        ],
        "url": {
          "raw": "{{baseUrl}}/api/icadence/spend",
          "host": [
            "{{baseUrl}}"
          ],
          "path": [
            "api",
            "icadence",
            "spend"
          ]
        },
        "body": {
          "mode": "raw",
          "raw": "{\n  \"example\": \"replace with real payload\"\n}"
        }
      },
      "response": []
    }
  ],
  "variable": [
    {
      "key": "baseUrl",
      "value": "http://localhost:8000"
    }
  ]
}