{
  "info": {
    "name": "Gigster Garage \u2014 Importer",
    "_postman_id": "15ffab04714cffc08a5e91a1fb62e4ee",
    "schema": "https://schema.getpostman.com/json/collection/v2.1.0/collection.json",
    "description": "Derived from Importer OpenAPI stub. L0/L1-safe."
  },
  "item": [
    {
      "name": "POST /api/import/sessions",
      "request": {
        "method": "POST",
        "header": [
          {
            "key": "Content-Type",
            "value": "application/json"
          }
        ],
        "url": {
          "raw": "{{baseUrl}}/api/import/sessions",
          "host": [
            "{{baseUrl}}"
          ],
          "path": [
            "api",
            "import",
            "sessions"
          ]
        },
        "body": {
          "mode": "raw",
          "raw": "{\n  \"example\": \"replace with real payload\"\n}"
        }
      },
      "response": []
    },
    {
      "name": "GET /api/import/sessions/{sessionId}",
      "request": {
        "method": "GET",
        "header": [
          {
            "key": "Content-Type",
            "value": "application/json"
          }
        ],
        "url": {
          "raw": "{{baseUrl}}/api/import/sessions/{sessionId}",
          "host": [
            "{{baseUrl}}"
          ],
          "path": [
            "api",
            "import",
            "sessions",
            "{sessionId}"
          ]
        }
      },
      "response": []
    },
    {
      "name": "DELETE /api/import/sessions/{sessionId}",
      "request": {
        "method": "DELETE",
        "header": [
          {
            "key": "Content-Type",
            "value": "application/json"
          }
        ],
        "url": {
          "raw": "{{baseUrl}}/api/import/sessions/{sessionId}",
          "host": [
            "{{baseUrl}}"
          ],
          "path": [
            "api",
            "import",
            "sessions",
            "{sessionId}"
          ]
        }
      },
      "response": []
    },
    {
      "name": "POST /api/import/sessions/{sessionId}/upload",
      "request": {
        "method": "POST",
        "header": [
          {
            "key": "Content-Type",
            "value": "application/json"
          }
        ],
        "url": {
          "raw": "{{baseUrl}}/api/import/sessions/{sessionId}/upload",
          "host": [
            "{{baseUrl}}"
          ],
          "path": [
            "api",
            "import",
            "sessions",
            "{sessionId}",
            "upload"
          ]
        },
        "body": {
          "mode": "raw",
          "raw": "{\n  \"example\": \"replace with real payload\"\n}"
        }
      },
      "response": []
    },
    {
      "name": "POST /api/import/sessions/{sessionId}/map",
      "request": {
        "method": "POST",
        "header": [
          {
            "key": "Content-Type",
            "value": "application/json"
          }
        ],
        "url": {
          "raw": "{{baseUrl}}/api/import/sessions/{sessionId}/map",
          "host": [
            "{{baseUrl}}"
          ],
          "path": [
            "api",
            "import",
            "sessions",
            "{sessionId}",
            "map"
          ]
        },
        "body": {
          "mode": "raw",
          "raw": "{\n  \"example\": \"replace with real payload\"\n}"
        }
      },
      "response": []
    },
    {
      "name": "POST /api/import/sessions/{sessionId}/validate",
      "request": {
        "method": "POST",
        "header": [
          {
            "key": "Content-Type",
            "value": "application/json"
          }
        ],
        "url": {
          "raw": "{{baseUrl}}/api/import/sessions/{sessionId}/validate",
          "host": [
            "{{baseUrl}}"
          ],
          "path": [
            "api",
            "import",
            "sessions",
            "{sessionId}",
            "validate"
          ]
        },
        "body": {
          "mode": "raw",
          "raw": "{\n  \"example\": \"replace with real payload\"\n}"
        }
      },
      "response": []
    },
    {
      "name": "POST /api/import/sessions/{sessionId}/stage",
      "request": {
        "method": "POST",
        "header": [
          {
            "key": "Content-Type",
            "value": "application/json"
          }
        ],
        "url": {
          "raw": "{{baseUrl}}/api/import/sessions/{sessionId}/stage",
          "host": [
            "{{baseUrl}}"
          ],
          "path": [
            "api",
            "import",
            "sessions",
            "{sessionId}",
            "stage"
          ]
        },
        "body": {
          "mode": "raw",
          "raw": "{\n  \"example\": \"replace with real payload\"\n}"
        }
      },
      "response": []
    },
    {
      "name": "POST /api/import/sessions/{sessionId}/commit",
      "request": {
        "method": "POST",
        "header": [
          {
            "key": "Content-Type",
            "value": "application/json"
          }
        ],
        "url": {
          "raw": "{{baseUrl}}/api/import/sessions/{sessionId}/commit",
          "host": [
            "{{baseUrl}}"
          ],
          "path": [
            "api",
            "import",
            "sessions",
            "{sessionId}",
            "commit"
          ]
        },
        "body": {
          "mode": "raw",
          "raw": "{\n  \"example\": \"replace with real payload\"\n}"
        }
      },
      "response": []
    }
  ],
  "variable": [
    {
      "key": "baseUrl",
      "value": "http://localhost:8000"
    }
  ]
}