{
  "info": {
    "name": "Gigster Garage \u2014 Packsmith",
    "_postman_id": "fe2ba110ff04fde5f79bc8ed00877048",
    "schema": "https://schema.getpostman.com/json/collection/v2.1.0/collection.json",
    "description": "Derived from Packsmith OpenAPI stub. L0/L1-safe."
  },
  "item": [
    {
      "name": "GET /api/packs",
      "request": {
        "method": "GET",
        "header": [
          {
            "key": "Content-Type",
            "value": "application/json"
          }
        ],
        "url": {
          "raw": "{{baseUrl}}/api/packs",
          "host": [
            "{{baseUrl}}"
          ],
          "path": [
            "api",
            "packs"
          ]
        }
      },
      "response": []
    },
    {
      "name": "POST /api/packs",
      "request": {
        "method": "POST",
        "header": [
          {
            "key": "Content-Type",
            "value": "application/json"
          }
        ],
        "url": {
          "raw": "{{baseUrl}}/api/packs",
          "host": [
            "{{baseUrl}}"
          ],
          "path": [
            "api",
            "packs"
          ]
        },
        "body": {
          "mode": "raw",
          "raw": "{\n  \"example\": \"replace with real payload\"\n}"
        }
      },
      "response": []
    },
    {
      "name": "GET /api/packs/{packId}",
      "request": {
        "method": "GET",
        "header": [
          {
            "key": "Content-Type",
            "value": "application/json"
          }
        ],
        "url": {
          "raw": "{{baseUrl}}/api/packs/{packId}",
          "host": [
            "{{baseUrl}}"
          ],
          "path": [
            "api",
            "packs",
            "{packId}"
          ]
        }
      },
      "response": []
    },
    {
      "name": "PATCH /api/packs/{packId}",
      "request": {
        "method": "PATCH",
        "header": [
          {
            "key": "Content-Type",
            "value": "application/json"
          }
        ],
        "url": {
          "raw": "{{baseUrl}}/api/packs/{packId}",
          "host": [
            "{{baseUrl}}"
          ],
          "path": [
            "api",
            "packs",
            "{packId}"
          ]
        },
        "body": {
          "mode": "raw",
          "raw": "{\n  \"example\": \"replace with real payload\"\n}"
        }
      },
      "response": []
    },
    {
      "name": "POST /api/packs/{packId}/blueprint",
      "request": {
        "method": "POST",
        "header": [
          {
            "key": "Content-Type",
            "value": "application/json"
          }
        ],
        "url": {
          "raw": "{{baseUrl}}/api/packs/{packId}/blueprint",
          "host": [
            "{{baseUrl}}"
          ],
          "path": [
            "api",
            "packs",
            "{packId}",
            "blueprint"
          ]
        },
        "body": {
          "mode": "raw",
          "raw": "{\n  \"example\": \"replace with real payload\"\n}"
        }
      },
      "response": []
    },
    {
      "name": "GET /api/packs/{packId}/blueprint",
      "request": {
        "method": "GET",
        "header": [
          {
            "key": "Content-Type",
            "value": "application/json"
          }
        ],
        "url": {
          "raw": "{{baseUrl}}/api/packs/{packId}/blueprint",
          "host": [
            "{{baseUrl}}"
          ],
          "path": [
            "api",
            "packs",
            "{packId}",
            "blueprint"
          ]
        }
      },
      "response": []
    },
    {
      "name": "POST /api/packs/{packId}/seed",
      "request": {
        "method": "POST",
        "header": [
          {
            "key": "Content-Type",
            "value": "application/json"
          }
        ],
        "url": {
          "raw": "{{baseUrl}}/api/packs/{packId}/seed",
          "host": [
            "{{baseUrl}}"
          ],
          "path": [
            "api",
            "packs",
            "{packId}",
            "seed"
          ]
        },
        "body": {
          "mode": "raw",
          "raw": "{\n  \"example\": \"replace with real payload\"\n}"
        }
      },
      "response": []
    }
  ],
  "variable": [
    {
      "key": "baseUrl",
      "value": "http://localhost:8000"
    }
  ]
}